Station,Elevation
0.0,295.6
0.5,295.59
1.0,295.59
1.5,295.58
2.0,295.57
2.5,295.57
3.0,295.56
3.5,295.55
4.0,295.55
4.5,295.54
5.0,295.53
5.5,295.52
6.0,295.52
6.5,295.51
7.0,295.5
7.5,295.48
8.0,295.47
8.5,295.46
9.0,295.44
9.5,295.43
10.0,295.41
10.5,295.4
11.0,295.37
11.5,295.35
12.0,295.33
12.5,295.31
13.0,295.28
13.5,295.26
14.0,295.23
14.5,295.21
15.0,295.18
15.5,295.16
16.0,295.13
16.5,295.11
17.0,295.08
17.5,295.06
18.0,295.03
18.5,295.01
19.0,294.98
19.5,294.96
20.0,294.93
20.5,294.91
21.0,294.88
21.5,294.86
22.0,294.84
22.5,294.82
23.0,294.8
23.5,294.78
24.0,294.75
24.5,294.73
25.0,294.71
25.5,294.69
26.0,294.67
26.5,294.65
27.0,294.63
27.5,294.61
28.0,294.59
28.5,294.57
29.0,294.54
29.5,294.53
30.0,294.51
30.5,294.5
31.0,294.48
31.5,294.46
32.0,294.45
32.5,294.43
33.0,294.41
33.5,294.38
34.0,294.34
34.5,294.31
35.0,294.27
35.5,294.24
36.0,294.2
36.5,294.16
37.0,294.12
37.5,294.08
38.0,294.03
38.5,293.98
39.0,293.94
39.5,293.89
40.0,293.85
40.5,293.81
41.0,293.78
41.5,293.75
42.0,293.72
42.5,293.7
43.0,293.67
43.5,293.64
44.0,293.61
44.5,293.58
45.0,293.56
45.5,293.51
46.0,293.47
46.5,293.42
47.0,293.37
47.5,293.33
48.0,293.3
48.5,293.3
49.0,293.3
49.5,293.3
50.0,293.3
50.5,293.3
51.0,293.3
51.5,293.3
52.0,293.3
52.5,293.3
53.0,293.3
53.5,293.3
54.0,293.3
54.5,293.3
55.0,293.3
55.5,293.3
56.0,293.3
56.5,293.3
57.0,293.3
57.5,293.3
58.0,293.3
58.5,293.3
59.0,293.3
59.5,293.3
60.0,293.3
60.5,293.3
61.0,293.3
61.5,293.3
62.0,293.3
62.5,293.3
63.0,293.3
63.5,293.3
64.0,293.3
64.5,293.3
65.0,293.3
65.5,293.3
66.0,293.3
66.5,293.3
67.0,293.3
67.5,293.3
68.0,293.3
68.5,293.3
69.0,293.3
69.5,293.3
70.0,293.3
70.5,293.3
71.0,293.3
71.5,293.3
72.0,293.3
72.5,293.3
73.0,293.3
73.5,293.3
74.0,293.3
74.5,293.3
75.0,293.3
75.5,293.3
76.0,293.3
76.5,293.3
77.0,293.3
77.5,293.3
78.0,293.3
78.5,293.3
79.0,293.3
79.5,293.3
80.0,293.3
80.5,293.3
81.0,293.3
81.5,293.3
82.0,293.3
82.5,293.3
83.0,293.3
83.5,293.3
84.0,293.3
84.5,293.3
85.0,293.3
85.5,293.3
86.0,293.3
86.5,293.3
87.0,293.3
87.5,293.3
88.0,293.3
88.5,293.3
89.0,293.3
89.5,293.3
90.0,293.3
90.5,293.3
91.0,293.3
91.5,293.3
92.0,293.3
92.5,293.3
93.0,293.3
93.5,293.3
94.0,293.3
94.5,293.3
95.0,293.3
95.5,293.3
96.0,293.3
96.5,293.3
97.0,293.3
97.5,293.3
98.0,293.3
98.5,293.3
99.0,293.3
99.5,293.3
100.0,293.3
100.5,293.3
101.0,293.3
101.5,293.3
102.0,293.3
102.5,293.3
103.0,293.3
103.5,293.3
104.0,293.3
104.5,293.3
105.0,293.3
105.5,293.3
106.0,293.3
106.5,293.3
107.0,293.3
107.5,293.3
108.0,293.3
108.5,293.3
109.0,293.3
109.5,293.3
110.0,293.3
110.5,293.3
111.0,293.3
111.5,293.3
112.0,293.3
112.5,293.3
113.0,293.3
113.5,293.3
114.0,293.3
114.5,293.3
115.0,293.3
115.5,293.3
116.0,293.3
116.5,293.3
117.0,293.3
117.5,293.3
118.0,293.3
118.5,293.3
119.0,293.3
119.5,293.3
120.0,293.3
120.5,293.31
121.0,293.33
121.5,293.34
122.0,293.35
122.5,293.37
123.0,293.37
123.5,293.38
124.0,293.39
124.5,293.4
125.0,293.41
125.5,293.42
126.0,293.43
126.5,293.44
127.0,293.45
127.5,293.46
128.0,293.47
128.5,293.48
129.0,293.49
129.5,293.5
130.0,293.5
130.5,293.51
131.0,293.52
131.5,293.53
132.0,293.54
132.5,293.54
133.0,293.54
133.5,293.54
134.0,293.54
134.5,293.54
135.0,293.55
135.5,293.56
136.0,293.57
136.5,293.58
137.0,293.58
137.5,293.59
138.0,293.59
138.5,293.6
139.0,293.6
139.5,293.61
140.0,293.61
140.5,293.62
141.0,293.62
141.5,293.63
142.0,293.63
142.5,293.64
143.0,293.64
143.5,293.65
144.0,293.65
144.5,293.66
145.0,293.66
145.5,293.67
146.0,293.67
146.5,293.68
147.0,293.68
147.5,293.69
148.0,293.7
148.5,293.71
149.0,293.72
149.5,293.73
150.0,293.73
150.5,293.74
151.0,293.75
151.5,293.76
152.0,293.77
152.5,293.78
153.0,293.79
153.5,293.79
154.0,293.8
154.5,293.81
155.0,293.81
155.5,293.82
156.0,293.83
156.5,293.83
157.0,293.84
157.5,293.85
158.0,293.85
158.5,293.86
159.0,293.87
159.5,293.87
160.0,293.88
160.5,293.88
161.0,293.89
161.5,293.89
162.0,293.9
162.5,293.9
163.0,293.9
163.5,293.9
164.0,293.91
164.5,293.91
165.0,293.9
165.5,293.89
166.0,293.88
166.5,293.87
167.0,293.86
167.5,293.85
168.0,293.84
168.5,293.82
169.0,293.79
169.5,293.75
170.0,293.72
170.5,293.68
171.0,293.65
171.5,293.62
172.0,293.58
172.5,293.55
173.0,293.52
173.5,293.5
174.0,293.48
174.5,293.45
175.0,293.43
175.5,293.41
176.0,293.4
176.5,293.39
177.0,293.38
177.5,293.36
178.0,293.36
178.5,293.35
179.0,293.35
179.5,293.34
180.0,293.34
180.5,293.34
181.0,293.33
181.5,293.33
182.0,293.32
182.5,293.32
183.0,293.32
183.5,293.33
184.0,293.33
184.5,293.33
185.0,293.33
185.5,293.34
186.0,293.34
186.5,293.34
187.0,293.34
187.5,293.35
188.0,293.35
188.5,293.35
189.0,293.35
189.5,293.36
190.0,293.36
190.5,293.36
191.0,293.37
191.5,293.37
192.0,293.38
192.5,293.38
193.0,293.38
193.5,293.39
194.0,293.39
194.5,293.4
195.0,293.4
195.5,293.4
196.0,293.4
196.5,293.4
197.0,293.4
197.5,293.4
198.0,293.41
198.5,293.41
199.0,293.41
199.5,293.42
200.0,293.42
200.5,293.42
201.0,293.43
201.5,293.43
202.0,293.43
202.5,293.43
203.0,293.43
203.5,293.42
204.0,293.42
204.5,293.42
205.0,293.42
205.5,293.42
206.0,293.43
206.5,293.43
207.0,293.44
207.5,293.44
208.0,293.45
208.5,293.45
209.0,293.46
209.5,293.46
210.0,293.47
210.5,293.47
211.0,293.48
211.5,293.48
212.0,293.49
212.5,293.49
213.0,293.49
213.5,293.49
214.0,293.49
214.5,293.48
215.0,293.48
215.5,293.48
216.0,293.48
216.5,293.46
217.0,293.44
217.5,293.43
218.0,293.41
218.5,293.39
219.0,293.37
219.5,293.35
220.0,293.32
220.5,293.3
221.0,293.3
221.5,293.3
222.0,293.3
222.5,293.3
223.0,293.3
223.5,293.3
224.0,293.3
224.5,293.3
225.0,293.3
225.5,293.3
226.0,293.3
226.5,293.3
227.0,293.3
227.5,293.3
228.0,293.3
228.5,293.3
229.0,293.3
229.5,293.3
230.0,293.3
230.5,293.3
231.0,293.3
231.5,293.3
232.0,293.3
232.5,293.3
233.0,293.3
233.5,293.3
234.0,293.3
234.5,293.3
235.0,293.3
235.5,293.3
236.0,293.3
236.5,293.3
237.0,293.3
237.5,293.3
238.0,293.3
238.5,293.3
239.0,293.3
239.5,293.3
240.0,293.3
240.5,293.3
241.0,293.3
241.5,293.3
242.0,293.3
242.5,293.3
243.0,293.3
243.5,293.3
244.0,293.3
244.5,293.3
245.0,293.3
245.5,293.3
246.0,293.3
246.5,293.3
247.0,293.3
247.5,293.3
248.0,293.3
248.5,293.3
249.0,293.3
249.5,293.3
250.0,293.3
250.5,293.3
251.0,293.3
251.5,293.3
252.0,293.3
252.5,293.3
253.0,293.3
253.5,293.3
254.0,293.3
254.5,293.3
255.0,293.3
255.5,293.3
256.0,293.3
256.5,293.3
257.0,293.3
257.5,293.3
258.0,293.3
258.5,293.3
259.0,293.3
259.5,293.3
260.0,293.3
260.5,293.3
261.0,293.3
261.5,293.3
262.0,293.3
262.5,293.3
263.0,293.3
263.5,293.3
264.0,293.3
264.5,293.3
265.0,293.3
265.5,293.3
266.0,293.3
266.5,293.3
267.0,293.3
267.5,293.3
268.0,293.3
268.5,293.3
269.0,293.3
269.5,293.3
270.0,293.3
270.5,293.3
271.0,293.3
271.5,293.3
272.0,293.3
272.5,293.3
273.0,293.3
273.5,293.3
274.0,293.3
274.5,293.3
275.0,293.3
275.5,293.3
276.0,293.3
276.5,293.3
277.0,293.3
277.5,293.3
278.0,293.3
278.5,293.3
279.0,293.3
279.5,293.3
280.0,293.3
280.5,293.3
281.0,293.3
281.5,293.3
282.0,293.3
282.5,293.3
283.0,293.3
283.5,293.3
284.0,293.3
284.5,293.3
285.0,293.3
285.5,293.3
286.0,293.3
286.5,293.3
287.0,293.3
287.5,293.3
288.0,293.3
288.5,293.3
289.0,293.3
289.5,293.3
290.0,293.3
290.5,293.3
291.0,293.3
291.5,293.3
292.0,293.3
292.5,293.3
293.0,293.3
293.5,293.3
294.0,293.3
294.5,293.3
295.0,293.3
295.5,293.3
296.0,293.3
296.5,293.3
297.0,293.3
297.5,293.3
298.0,293.3
298.5,293.3
299.0,293.3
299.5,293.3
300.0,293.3
300.5,293.3
301.0,293.3
301.5,293.3
302.0,293.3
302.5,293.3
303.0,293.3
303.5,293.3
304.0,293.3
304.5,293.3
305.0,293.3
305.5,293.3
306.0,293.3
306.5,293.3
307.0,293.3
307.5,293.3
308.0,293.3
308.5,293.3
309.0,293.3
309.5,293.3
310.0,293.3
310.5,293.3
311.0,293.3
311.5,293.3
312.0,293.3
312.5,293.3
313.0,293.3
313.5,293.3
314.0,293.3
314.5,293.3
315.0,293.3
315.5,293.3
316.0,293.3
316.5,293.3
317.0,293.3
317.5,293.3
318.0,293.3
318.5,293.3
319.0,293.3
319.5,293.3
320.0,293.3
320.5,293.3
321.0,293.3
321.5,293.3
322.0,293.3
322.5,293.3
323.0,293.3
323.5,293.3
324.0,293.3
324.5,293.3
325.0,293.3
325.5,293.3
326.0,293.3
326.5,293.3
327.0,293.3
327.5,293.3
328.0,293.3
328.5,293.3
329.0,293.3
329.5,293.3
330.0,293.3
330.5,293.3
331.0,293.3
331.5,293.3
332.0,293.3
332.5,293.3
333.0,293.3
333.5,293.3
334.0,293.3
334.5,293.3
335.0,293.3
335.5,293.3
336.0,293.3
336.5,293.3
337.0,293.3
337.5,293.3
338.0,293.3
338.5,293.3
339.0,293.3
339.5,293.3
340.0,293.3
340.5,293.3
341.0,293.3
341.5,293.3
342.0,293.3
342.5,293.3
343.0,293.3
343.5,293.3
344.0,293.3
344.5,293.3
345.0,293.3
345.5,293.3
346.0,293.3
346.5,293.3
347.0,293.3
347.5,293.3
348.0,293.3
348.5,293.3
349.0,293.3
349.5,293.3
350.0,293.3
350.5,293.3
351.0,293.3
351.5,293.3
352.0,293.3
352.5,293.3
353.0,293.3
353.5,293.3
354.0,293.3
354.5,293.3
355.0,293.3
355.5,293.3
356.0,293.3
356.5,293.3
357.0,293.3
357.5,293.3
358.0,293.3
358.5,293.3
359.0,293.3
359.5,293.3
360.0,293.3
360.5,293.3
361.0,293.3
361.5,293.3
362.0,293.3
362.5,293.3
363.0,293.3
363.5,293.3
364.0,293.3
364.5,293.3
365.0,293.3
365.5,293.3
366.0,293.3
366.5,293.3
367.0,293.3
367.5,293.3
368.0,293.3
368.5,293.3
369.0,293.3
369.5,293.3
370.0,293.3
370.5,293.3
371.0,293.3
371.5,293.3
372.0,293.3
372.5,293.3
373.0,293.3
373.5,293.3
374.0,293.3
374.5,293.3
375.0,293.3
375.5,293.3
376.0,293.3
376.5,293.3
377.0,293.3
377.5,293.3
378.0,293.3
378.5,293.3
379.0,293.3
379.5,293.3
380.0,293.3
380.5,293.3
381.0,293.3
381.5,293.3
382.0,293.3
382.5,293.3
383.0,293.3
383.5,293.3
384.0,293.3
384.5,293.3
385.0,293.3
385.5,293.3
386.0,293.3
386.5,293.3
387.0,293.3
387.5,293.3
388.0,293.3
388.5,293.3
389.0,293.3
389.5,293.3
390.0,293.3
390.5,293.3
391.0,293.3
391.5,293.3
392.0,293.3
392.5,293.3
393.0,293.3
393.5,293.3
394.0,293.3
394.5,293.3
395.0,293.3
395.5,293.3
396.0,293.3
396.5,293.3
397.0,293.3
397.5,293.3
398.0,293.3
398.5,293.3
399.0,293.3
399.5,293.3
400.0,293.3
400.5,293.3
401.0,293.3
401.5,293.3
402.0,293.3
402.5,293.3
403.0,293.3
403.5,293.3
404.0,293.3
404.5,293.3
405.0,293.3
405.5,293.3
406.0,293.3
406.5,293.3
407.0,293.3
407.5,293.3
408.0,293.3
408.5,293.3
409.0,293.3
409.5,293.3
410.0,293.3
410.5,293.3
411.0,293.3
411.5,293.3
412.0,293.3
412.5,293.3
413.0,293.3
413.5,293.3
414.0,293.3
414.5,293.3
415.0,293.3
415.5,293.3
416.0,293.3
416.5,293.3
417.0,293.3
417.5,293.3
418.0,293.3
418.5,293.3
419.0,293.3
419.5,293.3
420.0,293.3
420.5,293.3
421.0,293.3
421.5,293.3
422.0,293.3
422.5,293.3
423.0,293.3
423.5,293.3
424.0,293.3
424.5,293.3
425.0,293.3
425.5,293.3
426.0,293.3
426.5,293.3
427.0,293.3
427.5,293.3
428.0,293.3
428.5,293.3
429.0,293.3
429.5,293.3
430.0,293.3
430.5,293.3
431.0,293.3
431.5,293.3
432.0,293.3
432.5,293.3
433.0,293.3
433.5,293.3
434.0,293.3
434.5,293.3
435.0,293.3
435.5,293.3
436.0,293.3
436.5,293.3
437.0,293.3
437.5,293.3
438.0,293.3
438.5,293.3
439.0,293.3
439.5,293.3
440.0,293.3
440.5,293.3
441.0,293.3
441.5,293.3
442.0,293.3
442.5,293.3
443.0,293.3
443.5,293.3
444.0,293.3
444.5,293.3
445.0,293.3
445.5,293.3
446.0,293.3
446.5,293.3
447.0,293.3
447.5,293.3
448.0,293.3
448.5,293.3
449.0,293.3
449.5,293.3
450.0,293.3
450.5,293.3
451.0,293.3
451.5,293.3
452.0,293.3
452.5,293.3
453.0,293.3
453.5,293.3
454.0,293.3
454.5,293.3
455.0,293.3
455.5,293.3
456.0,293.3
456.5,293.3
457.0,293.3
457.5,293.3
458.0,293.3
458.5,293.3
459.0,293.3
459.5,293.3
460.0,293.3
460.5,293.3
461.0,293.3
461.5,293.3
462.0,293.3
462.5,293.3
463.0,293.3
463.5,293.3
464.0,293.3
464.5,293.3
465.0,293.3
465.5,293.3
466.0,293.3
466.5,293.3
467.0,293.3
467.5,293.3
468.0,293.3
468.5,293.3
469.0,293.3
469.5,293.3
470.0,293.3
470.5,293.3
471.0,293.3
471.5,293.3
472.0,293.3
472.5,293.3
473.0,293.3
473.5,293.3
474.0,293.3
474.5,293.3
475.0,293.3
475.5,293.3
476.0,293.3
476.5,293.3
477.0,293.3
477.5,293.3
478.0,293.3
478.5,293.3
479.0,293.3
479.5,293.3
480.0,293.3
480.5,293.3
481.0,293.3
481.5,293.3
482.0,293.3
482.5,293.3
483.0,293.3
483.5,293.3
484.0,293.3
484.5,293.3
485.0,293.3
485.5,293.3
486.0,293.3
486.5,293.3
487.0,293.3
487.5,293.3
488.0,293.3
488.5,293.3
489.0,293.3
489.5,293.3
490.0,293.3
490.5,293.3
491.0,293.3
491.5,293.3
492.0,293.3
492.5,293.3
493.0,293.3
493.5,293.3
494.0,293.3
494.5,293.3
495.0,293.3
495.5,293.3
496.0,293.3
496.5,293.3
497.0,293.3
497.5,293.3
498.0,293.3
498.5,293.3
499.0,293.3
499.5,293.3
500.0,293.3
500.5,293.3
501.0,293.3
501.5,293.3
502.0,293.3
502.5,293.3
503.0,293.3
503.5,293.3
504.0,293.3
504.5,293.3
505.0,293.25
505.5,293.17
506.0,293.09
506.5,293.02
507.0,292.94
507.5,292.86
508.0,292.78
508.5,292.7
509.0,292.62
509.5,292.54
510.0,292.46
510.5,292.4
511.0,292.36
511.5,292.32
512.0,292.28
512.5,292.23
513.0,292.1
513.5,291.98
514.0,291.85
514.5,291.73
515.0,291.57
515.5,291.41
516.0,291.25
516.5,291.09
517.0,290.94
517.5,290.91
518.0,290.88
518.5,290.85
519.0,290.83
519.5,290.8
520.0,290.77
520.5,290.74
521.0,290.71
521.5,290.68
522.0,290.65
522.5,290.62
523.0,290.6
523.5,290.57
524.0,290.54
524.5,290.51
525.0,290.5
525.5,290.5
526.0,290.5
526.5,290.5
527.0,290.5
527.5,290.5
528.0,290.5
528.5,290.5
529.0,290.5
529.5,290.5
530.0,290.5
530.5,290.5
531.0,290.5
531.5,290.5
532.0,290.5
532.5,290.5
533.0,290.5
533.5,290.5
534.0,290.5
534.5,290.5
535.0,290.5
535.5,290.5
536.0,290.5
536.5,290.5
537.0,290.5
537.5,290.5
538.0,290.5
538.5,290.5
539.0,290.5
539.5,290.5
540.0,290.5
540.5,290.5
541.0,290.5
541.5,290.5
542.0,290.5
542.5,290.5
543.0,290.5
543.5,290.5
544.0,290.5
544.5,290.5
545.0,290.5
545.5,290.5
546.0,290.5
546.5,290.5
547.0,290.5
547.5,290.5
548.0,290.5
548.5,290.5
549.0,290.5
549.5,290.5
550.0,290.5
550.5,290.5
551.0,290.5
551.5,290.5
552.0,290.5
552.5,290.5
553.0,290.5
553.5,290.5
554.0,290.5
554.5,290.5
555.0,290.5
555.5,290.5
556.0,290.5
556.5,290.5
557.0,290.5
557.5,290.5
558.0,290.5
558.5,290.5
559.0,290.5
559.5,290.5
560.0,290.5
560.5,290.5
561.0,290.5
561.5,290.5
562.0,290.5
562.5,290.5
563.0,290.5
563.5,290.5
564.0,290.5
564.5,290.5
565.0,290.5
565.5,290.5
566.0,290.5
566.5,290.5
567.0,290.5
567.5,290.5
568.0,290.5
568.5,290.5
569.0,290.5
569.5,290.5
570.0,290.5
570.5,290.5
571.0,290.5
571.5,290.5
572.0,290.5
572.5,290.5
573.0,290.5
573.5,290.5
574.0,290.5
574.5,290.5
575.0,290.5
575.5,290.5
576.0,290.5
576.5,290.53
577.0,290.6
577.5,290.67
578.0,290.74
578.5,290.81
579.0,290.89
579.5,290.96
580.0,291.02
580.5,291.06
581.0,291.1
581.5,291.14
582.0,291.18
582.5,291.23
583.0,291.27
583.5,291.31
584.0,291.35
584.5,291.39
585.0,291.43
585.5,291.48
586.0,291.52
586.5,291.56
587.0,291.6
587.5,291.63
588.0,291.66
588.5,291.69
589.0,291.71
589.5,291.74
590.0,291.77
590.5,291.8
591.0,291.8
591.5,291.81
592.0,291.81
592.5,291.82
593.0,291.82
593.5,291.82
594.0,291.83
594.5,291.83
595.0,291.83
595.5,291.83
596.0,291.83
596.5,291.83
597.0,291.83
597.5,291.83
598.0,291.83
598.5,291.83
599.0,291.83
599.5,291.83
600.0,291.83
600.5,291.83
601.0,291.83
601.5,291.83
602.0,291.85
602.5,291.86
603.0,291.87
603.5,291.88
604.0,291.89
604.5,291.9
605.0,291.92
605.5,291.95
606.0,291.98
606.5,292.01
607.0,292.04
607.5,292.08
608.0,292.11
608.5,292.16
609.0,292.24
609.5,292.31
610.0,292.38
610.5,292.46
611.0,292.53
611.5,292.6
612.0,292.68
612.5,292.81
613.0,292.95
613.5,293.1
614.0,293.24
614.5,293.39
615.0,293.54
615.5,293.68
616.0,293.94
616.5,293.95
617.0,293.96
617.5,293.97
618.0,293.98
618.5,293.99
619.0,294.0
619.5,294.02
620.0,294.07
620.5,294.11
621.0,294.15
621.5,294.19
622.0,294.23
622.5,294.28
623.0,294.41
623.5,294.52
624.0,294.52
624.5,294.52
625.0,294.53
625.5,294.53
626.0,294.53
626.5,294.53
627.0,294.54
627.5,294.55
628.0,294.55
628.5,294.56
629.0,294.57
629.5,294.57
630.0,294.58
630.5,294.58
631.0,294.58
631.5,294.57
632.0,294.7
632.5,294.86
633.0,294.99
633.5,295.12
634.0,295.24
634.5,295.36
635.0,295.38
635.5,295.28
636.0,295.18
636.5,295.09
637.0,295.0
637.5,294.91
638.0,294.83
638.5,294.75
639.0,294.68
639.5,294.65
640.0,294.63
640.5,294.61
641.0,294.58
641.5,294.58
642.0,294.59
642.5,294.59
643.0,294.59
643.5,294.6
644.0,294.6
644.5,294.6
645.0,294.6
645.5,294.6
646.0,294.6
646.5,294.6
647.0,294.59
647.5,294.59
648.0,294.57
648.5,294.56
649.0,294.55
649.5,294.54
650.0,294.55
650.5,294.56
651.0,294.57
651.5,294.58
652.0,294.59
652.5,294.61
653.0,294.62
653.5,294.63
654.0,294.63
654.5,294.61
655.0,294.6
655.5,294.58
656.0,294.57
656.5,294.57
657.0,294.57
657.5,294.57
658.0,294.56
658.5,294.54
659.0,294.52
659.5,294.49
660.0,294.47
660.5,294.47
661.0,294.46
661.5,294.46
662.0,294.45
662.5,294.45
663.0,294.45
663.5,294.45
664.0,294.45
664.5,294.45
665.0,294.45
665.5,294.45
666.0,294.44
666.5,294.44
667.0,294.42
667.5,294.4
668.0,294.38
668.5,294.36
669.0,294.36
669.5,294.35
670.0,294.34
670.5,294.34
671.0,294.34
671.5,294.35
672.0,294.36
672.5,294.37
673.0,294.37
673.5,294.37
674.0,294.36
674.5,294.35
675.0,294.35
675.5,294.35
676.0,294.34
676.5,294.34
677.0,294.34
677.5,294.31
678.0,294.28
678.5,294.25
679.0,294.22
679.5,294.21
680.0,294.19
680.5,294.17
681.0,294.16
681.5,294.15
682.0,294.16
682.5,294.17
683.0,294.18
683.5,294.17
684.0,294.16
684.5,294.14
685.0,294.12
685.5,294.11
686.0,294.1
686.5,294.1
687.0,294.1
687.5,294.1
688.0,294.1
688.5,294.1
689.0,294.1
689.5,294.1
690.0,294.1
690.5,294.1
691.0,294.1
691.5,294.06
692.0,294.01
692.5,293.98
693.0,293.97
693.5,293.97
694.0,293.96
694.5,293.95
695.0,293.93
695.5,293.92
696.0,293.91
696.5,293.9
697.0,293.89
697.5,293.88
698.0,293.88
698.5,293.86
699.0,293.85
699.5,293.84
700.0,293.83
700.5,293.8
701.0,293.77
701.5,293.74
702.0,293.71
702.5,293.7
703.0,293.71
703.5,293.71
704.0,293.72
704.5,293.73
705.0,293.73
705.5,293.73
706.0,293.73
706.5,293.71
707.0,293.63
707.5,293.6
708.0,293.6
708.5,293.6
709.0,293.6
709.5,293.6
710.0,293.6
710.5,293.6
711.0,293.6
711.5,293.6
712.0,293.6
712.5,293.6
713.0,293.6
713.5,293.6
714.0,293.6
714.5,293.6
715.0,293.6
715.5,293.6
716.0,293.6
716.5,293.6
717.0,293.6
717.5,293.6
718.0,293.6
718.5,293.6
719.0,293.6
719.5,293.6
720.0,293.6
720.5,293.6
721.0,293.6
721.5,293.6
722.0,293.6
722.5,293.6
723.0,293.6
723.5,293.6
724.0,293.6
724.5,293.6
725.0,293.6
725.5,293.6
726.0,293.6
726.5,293.6
727.0,293.6
727.5,293.6
728.0,293.6
728.5,293.6
729.0,293.6
729.5,293.6
730.0,293.6
730.5,293.6
731.0,293.6
731.5,293.6
732.0,293.61
732.5,293.63
733.0,293.64
733.5,293.65
734.0,293.66
734.5,293.67
735.0,293.68
735.5,293.69
736.0,293.7
736.5,293.7
737.0,293.7
737.5,293.7
738.0,293.7
738.5,293.7
739.0,293.7
739.5,293.7
740.0,293.7
740.5,293.7
741.0,293.7
741.5,293.7
742.0,293.7
742.5,293.7
743.0,293.7
743.5,293.7
744.0,293.7
744.5,293.7
745.0,293.7
745.5,293.7
746.0,293.7
746.5,293.7
747.0,293.7
747.5,293.7
748.0,293.69
748.5,293.68
749.0,293.67
749.5,293.66
750.0,293.65
750.5,293.64
751.0,293.63
751.5,293.62
752.0,293.61
752.5,293.6
753.0,293.6
753.5,293.6
754.0,293.6
754.5,293.6
755.0,293.6
755.5,293.6
756.0,293.6
756.5,293.6
757.0,293.6
757.5,293.6
758.0,293.6
758.5,293.6
759.0,293.6
759.5,293.6
760.0,293.59
760.5,293.59
761.0,293.58
761.5,293.57
762.0,293.57
762.5,293.56
763.0,293.55
763.5,293.55
764.0,293.55
764.5,293.55
765.0,293.55
765.5,293.55
766.0,293.55
766.5,293.55
767.0,293.55
767.5,293.55
768.0,293.55
768.5,293.55
769.0,293.55
769.5,293.55
770.0,293.55
770.5,293.55
771.0,293.55
771.5,293.55
772.0,293.55
772.5,293.55
773.0,293.55
773.5,293.55
774.0,293.55
774.5,293.55
775.0,293.55
775.5,293.55
776.0,293.55
776.5,293.55
777.0,293.55
777.5,293.55
778.0,293.55
778.5,293.55
779.0,293.55
779.5,293.55
780.0,293.55
780.5,293.55
781.0,293.55
781.5,293.55
782.0,293.55
782.5,293.55
783.0,293.55
783.5,293.55
784.0,293.55
784.5,293.55
785.0,293.55
785.5,293.55
786.0,293.55
786.5,293.55
787.0,293.55
787.5,293.55
788.0,293.55
788.5,293.55
789.0,293.55
789.5,293.55
790.0,293.55
790.5,293.55
791.0,293.55
791.5,293.55
792.0,293.55
792.5,293.55
793.0,293.55
793.5,293.55
794.0,293.55
794.5,293.55
795.0,293.55
795.5,293.55
796.0,293.55
796.5,293.55
797.0,293.55
797.5,293.55
798.0,293.55
798.5,293.55
799.0,293.55
799.5,293.55
800.0,293.55
800.5,293.55
801.0,293.55
801.5,293.55
802.0,293.55
802.5,293.55
803.0,293.55
803.5,293.55
804.0,293.55
804.5,293.55
805.0,293.55
805.5,293.55
806.0,293.55
806.5,293.55
807.0,293.55
807.5,293.55
808.0,293.55
808.5,293.55
809.0,293.55
809.5,293.55
810.0,293.55
810.5,293.55
811.0,293.55
811.5,293.55
812.0,293.55
812.5,293.55
813.0,293.55
813.5,293.55
814.0,293.55
814.5,293.55
815.0,293.55
815.5,293.55
816.0,293.55
816.5,293.55
817.0,293.55
817.5,293.55
818.0,293.55
818.5,293.55
819.0,293.55
819.5,293.55
820.0,293.55
820.5,293.55
821.0,293.55
821.5,293.55
822.0,293.55
822.5,293.55
823.0,293.55
823.5,293.55
824.0,293.55
824.5,293.55
825.0,293.55
825.5,293.55
826.0,293.55
826.5,293.55
827.0,293.55
827.5,293.55
828.0,293.55
828.5,293.55
829.0,293.55
829.5,293.55
830.0,293.55
830.5,293.55
831.0,293.55
831.5,293.55
832.0,293.55
832.5,293.55
833.0,293.55
833.5,293.55
834.0,293.55
834.5,293.55
835.0,293.55
835.5,293.55
836.0,293.55
836.5,293.55
837.0,293.55
837.5,293.55
838.0,293.55
838.5,293.55
839.0,293.55
839.5,293.55
840.0,293.55
840.5,293.55
841.0,293.55
841.5,293.55
842.0,293.55
842.5,293.55
843.0,293.55
843.5,293.55
844.0,293.55
844.5,293.55
845.0,293.55
845.5,293.55
846.0,293.55
846.5,293.55
847.0,293.55
847.5,293.55
848.0,293.55
848.5,293.55
849.0,293.55
849.5,293.55
850.0,293.55
850.5,293.55
851.0,293.55
851.5,293.55
852.0,293.55
852.5,293.54
853.0,293.54
853.5,293.54
854.0,293.53
854.5,293.53
855.0,293.52
855.5,293.52
856.0,293.52
856.5,293.51
857.0,293.51
857.5,293.51
858.0,293.5
858.5,293.5
859.0,293.5
859.5,293.5
860.0,293.5
860.5,293.5
861.0,293.5
861.5,293.49
862.0,293.49
862.5,293.5
863.0,293.5
863.5,293.5
864.0,293.5
864.5,293.5
865.0,293.5
865.5,293.5
866.0,293.5
866.5,293.5
867.0,293.5
867.5,293.5
868.0,293.5
868.5,293.5
869.0,293.5
869.5,293.49
870.0,293.49
870.5,293.49
871.0,293.48
871.5,293.48
872.0,293.48
872.5,293.47
873.0,293.47
873.5,293.47
874.0,293.47
874.5,293.47
875.0,293.47
875.5,293.47
876.0,293.47
876.5,293.47
877.0,293.47
877.5,293.46
878.0,293.46
878.5,293.46
879.0,293.46
879.5,293.46
880.0,293.46
880.5,293.46
881.0,293.46
881.5,293.46
882.0,293.46
882.5,293.45
883.0,293.45
883.5,293.45
884.0,293.45
884.5,293.45
885.0,293.45
885.5,293.45
886.0,293.45
886.5,293.46
887.0,293.46
887.5,293.46
888.0,293.46
888.5,293.46
889.0,293.46
889.5,293.47
890.0,293.47
890.5,293.47
891.0,293.47
891.5,293.47
892.0,293.47
892.5,293.47
893.0,293.47
893.5,293.47
894.0,293.47
894.5,293.47
895.0,293.47
895.5,293.47
896.0,293.47
896.5,293.47
897.0,293.47
897.5,293.47
898.0,293.47
898.5,293.46
899.0,293.46
899.5,293.46
900.0,293.46
900.5,293.46
901.0,293.46
901.5,293.46
902.0,293.46
902.5,293.47
903.0,293.47
903.5,293.47
904.0,293.47
904.5,293.47
905.0,293.47
905.5,293.47
906.0,293.47
906.5,293.47
907.0,293.47
907.5,293.47
908.0,293.47
908.5,293.47
909.0,293.47
909.5,293.47
910.0,293.47
910.5,293.47
911.0,293.47
911.5,293.47
912.0,293.47
912.5,293.47
913.0,293.47
913.5,293.47
914.0,293.47
914.5,293.47
915.0,293.47
915.5,293.47
916.0,293.47
916.5,293.47
917.0,293.47
917.5,293.47
918.0,293.47
918.5,293.47
919.0,293.47
919.5,293.47
920.0,293.47
920.5,293.47
921.0,293.47
921.5,293.47
922.0,293.47
922.5,293.47
923.0,293.47
923.5,293.47
924.0,293.47
924.5,293.47
925.0,293.47
925.5,293.47
926.0,293.47
926.5,293.47
927.0,293.47
927.5,293.46
928.0,293.46
928.5,293.45
929.0,293.44
929.5,293.44
930.0,293.44
930.5,293.44
931.0,293.44
931.5,293.44
932.0,293.44
932.5,293.43
933.0,293.43
933.5,293.43
934.0,293.43
934.5,293.43
935.0,293.42
935.5,293.42
936.0,293.42
936.5,293.42
937.0,293.42
937.5,293.42
938.0,293.43
938.5,293.43
939.0,293.43
939.5,293.43
940.0,293.43
940.5,293.43
941.0,293.43
941.5,293.44
942.0,293.44
942.5,293.44
943.0,293.44
943.5,293.44
944.0,293.44
944.5,293.44
945.0,293.44
945.5,293.44
946.0,293.44
946.5,293.44
947.0,293.44
947.5,293.44
948.0,293.44
948.5,293.44
949.0,293.44
949.5,293.44
950.0,293.44
950.5,293.44
951.0,293.44
951.5,293.44
952.0,293.44
952.5,293.44
953.0,293.44
953.5,293.44
954.0,293.44
954.5,293.44
955.0,293.44
955.5,293.44
956.0,293.43
956.5,293.42
957.0,293.42
957.5,293.41
958.0,293.41
958.5,293.41
959.0,293.41
959.5,293.41
960.0,293.41
960.5,293.41
961.0,293.4
961.5,293.4
962.0,293.4
962.5,293.4
963.0,293.4
963.5,293.4
964.0,293.4
964.5,293.4
965.0,293.4
965.5,293.4
966.0,293.41
966.5,293.41
967.0,293.41
967.5,293.41
968.0,293.41
968.5,293.41
969.0,293.41
969.5,293.41
970.0,293.42
970.5,293.43
971.0,293.43
971.5,293.43
972.0,293.44
972.5,293.44
973.0,293.44
973.5,293.44
974.0,293.45
974.5,293.45
975.0,293.45
975.5,293.46
976.0,293.46
976.5,293.46
977.0,293.46
977.5,293.47
978.0,293.47
978.5,293.47
979.0,293.46
979.5,293.46
980.0,293.46
980.5,293.45
981.0,293.45
981.5,293.44
982.0,293.44
982.5,293.44
983.0,293.43
983.5,293.43
984.0,293.42
984.5,293.42
985.0,293.42
985.5,293.41
986.0,293.41
986.5,293.41
987.0,293.41
987.5,293.41
988.0,293.41
988.5,293.41
989.0,293.41
989.5,293.41
990.0,293.41
990.5,293.4
991.0,293.4
991.5,293.4
992.0,293.4
992.5,293.4
993.0,293.4
993.5,293.4
994.0,293.4
994.5,293.4
995.0,293.4
995.5,293.4
996.0,293.4
996.5,293.4
997.0,293.39
997.5,293.39
998.0,293.39
998.5,293.39
999.0,293.39
999.5,293.39
1000.0,293.38
1000.5,293.38
1001.0,293.38
1001.5,293.38
1002.0,293.38
1002.5,293.38
1003.0,293.37
1003.5,293.37
1004.0,293.37
1004.5,293.37
1005.0,293.37
1005.5,293.37
1006.0,293.37
1006.5,293.37
1007.0,293.37
1007.5,293.37
1008.0,293.37
1008.5,293.37
1009.0,293.38
1009.5,293.38
1010.0,293.38
1010.5,293.38
1011.0,293.38
1011.5,293.38
1012.0,293.38
1012.5,293.38
1013.0,293.38
1013.5,293.38
1014.0,293.39
1014.5,293.39
1015.0,293.39
1015.5,293.4
1016.0,293.4
1016.5,293.4
1017.0,293.41
1017.5,293.43
1018.0,293.44
1018.5,293.45
1019.0,293.46
1019.5,293.47
1020.0,293.48
1020.5,293.49
1021.0,293.5
1021.5,293.5
1022.0,293.5
1022.5,293.5
1023.0,293.5
1023.5,293.5
1024.0,293.5
1024.5,293.5
1025.0,293.5
1025.5,293.5
1026.0,293.5
1026.5,293.5
1027.0,293.5
1027.5,293.5
1028.0,293.5
1028.5,293.5
1029.0,293.5
1029.5,293.5
1030.0,293.5
1030.5,293.5
1031.0,293.5
1031.5,293.5
1032.0,293.5
1032.5,293.5
1033.0,293.5
1033.5,293.5
1034.0,293.5
1034.5,293.5
1035.0,293.5
1035.5,293.5
1036.0,293.5
1036.5,293.5
1037.0,293.5
1037.5,293.5
1038.0,293.5
1038.5,293.5
1039.0,293.5
1039.5,293.5
1040.0,293.5
1040.5,293.5
1041.0,293.5
1041.5,293.5
1042.0,293.5
1042.5,293.5
1043.0,293.5
1043.5,293.5
1044.0,293.5
1044.5,293.5
1045.0,293.5
1045.5,293.5
1046.0,293.5
1046.5,293.5
1047.0,293.5
1047.5,293.5
1048.0,293.5
1048.5,293.5
1049.0,293.5
1049.5,293.5
1050.0,293.49
1050.5,293.49
1051.0,293.49
1051.5,293.49
1052.0,293.49
1052.5,293.49
1053.0,293.49
1053.5,293.49
1054.0,293.49
1054.5,293.49
1055.0,293.49
1055.5,293.49
1056.0,293.49
1056.5,293.49
1057.0,293.49
1057.5,293.48
1058.0,293.48
1058.5,293.48
1059.0,293.48
1059.5,293.48
1060.0,293.48
1060.5,293.48
1061.0,293.48
1061.5,293.48
1062.0,293.48
1062.5,293.48
1063.0,293.48
1063.5,293.48
1064.0,293.48
1064.5,293.47
1065.0,293.47
1065.5,293.47
1066.0,293.47
1066.5,293.47
1067.0,293.47
1067.5,293.47
1068.0,293.47
1068.5,293.47
1069.0,293.47
1069.5,293.47
1070.0,293.47
1070.5,293.47
1071.0,293.47
1071.5,293.47
1072.0,293.46
1072.5,293.46
1073.0,293.46
1073.5,293.46
1074.0,293.46
1074.5,293.46
1075.0,293.46
1075.5,293.46
1076.0,293.46
1076.5,293.46
1077.0,293.46
1077.5,293.46
1078.0,293.46
1078.5,293.46
1079.0,293.45
1079.5,293.45
1080.0,293.45
1080.5,293.45
1081.0,293.45
1081.5,293.45
1082.0,293.45
1082.5,293.45
1083.0,293.45
1083.5,293.45
1084.0,293.45
1084.5,293.45
1085.0,293.45
1085.5,293.45
1086.0,293.44
1086.5,293.44
1087.0,293.44
1087.5,293.44
1088.0,293.44
1088.5,293.44
1089.0,293.44
1089.5,293.44
1090.0,293.44
1090.5,293.44
1091.0,293.44
1091.5,293.44
1092.0,293.44
1092.5,293.44
1093.0,293.44
1093.5,293.43
1094.0,293.43
1094.5,293.43
1095.0,293.43
1095.5,293.43
1096.0,293.43
1096.5,293.43
1097.0,293.43
1097.5,293.43
1098.0,293.43
1098.5,293.43
1099.0,293.43
1099.5,293.43
1100.0,293.43
1100.5,293.42
1101.0,293.42
1101.5,293.42
1102.0,293.42
1102.5,293.42
1103.0,293.42
1103.5,293.42
1104.0,293.42
1104.5,293.42
1105.0,293.42
1105.5,293.42
1106.0,293.42
1106.5,293.42
1107.0,293.42
1107.5,293.42
1108.0,293.41
1108.5,293.41
1109.0,293.41
1109.5,293.41
1110.0,293.41
1110.5,293.41
1111.0,293.41
1111.5,293.41
1112.0,293.41
1112.5,293.41
1113.0,293.41
1113.5,293.41
1114.0,293.41
1114.5,293.41
1115.0,293.4
1115.5,293.4
1116.0,293.4
1116.5,293.4
1117.0,293.4
1117.5,293.4
1118.0,293.4
1118.5,293.4
1119.0,293.4
1119.5,293.4
1120.0,293.4
1120.5,293.4
1121.0,293.4
1121.5,293.4
1122.0,293.4
1122.5,293.39
1123.0,293.39
1123.5,293.39
1124.0,293.39
1124.5,293.39
1125.0,293.39
1125.5,293.39
1126.0,293.39
1126.5,293.39
1127.0,293.39
1127.5,293.39
1128.0,293.39
1128.5,293.39
1129.0,293.39
1129.5,293.38
1130.0,293.38
1130.5,293.38
1131.0,293.38
1131.5,293.38
1132.0,293.38
1132.5,293.38
1133.0,293.38
1133.5,293.38
1134.0,293.38
1134.5,293.38
1135.0,293.38
1135.5,293.38
1136.0,293.38
1136.5,293.38
1137.0,293.37
1137.5,293.37
1138.0,293.37
1138.5,293.37
1139.0,293.37
1139.5,293.37
1140.0,293.37
1140.5,293.37
1141.0,293.37
1141.5,293.37
1142.0,293.37
1142.5,293.37
1143.0,293.37
1143.5,293.37
1144.0,293.36
1144.5,293.36
1145.0,293.36
1145.5,293.36
1146.0,293.36
1146.5,293.36
1147.0,293.36
1147.5,293.36
1148.0,293.36
1148.5,293.36
1149.0,293.36
1149.5,293.36
1150.0,293.36
1150.5,293.36
1151.0,293.36
1151.5,293.35
1152.0,293.35
1152.5,293.35
1153.0,293.35
1153.5,293.35
1154.0,293.35
1154.5,293.35
1155.0,293.35
1155.5,293.34
1156.0,293.34
1156.5,293.33
1157.0,293.33
1157.5,293.32
1158.0,293.32
1158.5,293.31
1159.0,293.31
1159.5,293.3
1160.0,293.3
1160.5,293.3
1161.0,293.29
1161.5,293.29
1162.0,293.28
1162.5,293.28
1163.0,293.28
1163.5,293.28
1164.0,293.28
1164.5,293.28
1165.0,293.28
1165.5,293.28
1166.0,293.28
1166.5,293.28
1167.0,293.28
1167.5,293.28
1168.0,293.28
1168.5,293.28
1169.0,293.28
1169.5,293.28
1170.0,293.28
1170.5,293.28
1171.0,293.28
1171.5,293.28
1172.0,293.28
1172.5,293.28
1173.0,293.28
1173.5,293.28
1174.0,293.28
1174.5,293.28
1175.0,293.28
1175.5,293.29
1176.0,293.29
1176.5,293.3
1177.0,293.3
1177.5,293.3
1178.0,293.3
1178.5,293.31
1179.0,293.31
1179.5,293.31
1180.0,293.31
1180.5,293.3
1181.0,293.3
1181.5,293.3
1182.0,293.3
1182.5,293.3
1183.0,293.29
1183.5,293.29
1184.0,293.29
1184.5,293.29
1185.0,293.29
1185.5,293.28
1186.0,293.28
1186.5,293.28
1187.0,293.28
1187.5,293.28
1188.0,293.28
1188.5,293.28
1189.0,293.28
1189.5,293.28
1190.0,293.28
1190.5,293.28
1191.0,293.28
1191.5,293.29
1192.0,293.29
1192.5,293.29
1193.0,293.3
1193.5,293.3
1194.0,293.3
1194.5,293.3
1195.0,293.31
1195.5,293.31
1196.0,293.31
1196.5,293.3
1197.0,293.3
1197.5,293.3
1198.0,293.3
1198.5,293.3
1199.0,293.29
1199.5,293.29
1200.0,293.29
1200.5,293.29
1201.0,293.28
1201.5,293.28
1202.0,293.28
1202.5,293.28
1203.0,293.28
1203.5,293.28
1204.0,293.28
1204.5,293.28
1205.0,293.28
1205.5,293.28
1206.0,293.28
1206.5,293.28
1207.0,293.28
1207.5,293.28
1208.0,293.28
1208.5,293.28
1209.0,293.28
1209.5,293.28
1210.0,293.28
1210.5,293.28
1211.0,293.28
1211.5,293.28
1212.0,293.28
1212.5,293.28
1213.0,293.28
1213.5,293.28
1214.0,293.28
1214.5,293.28
1215.0,293.28
1215.5,293.29
1216.0,293.29
1216.5,293.3
1217.0,293.3
1217.5,293.3
1218.0,293.31
1218.5,293.31
1219.0,293.31
1219.5,293.31
1220.0,293.31
1220.5,293.32
1221.0,293.32
1221.5,293.32
1222.0,293.33
1222.5,293.33
1223.0,293.33
1223.5,293.34
1224.0,293.34
1224.5,293.34
1225.0,293.34
1225.5,293.34
1226.0,293.34
1226.5,293.34
1227.0,293.34
1227.5,293.34
1228.0,293.34
1228.5,293.34
1229.0,293.34
1229.5,293.34
1230.0,293.34
1230.5,293.34
1231.0,293.34
1231.5,293.34
1232.0,293.34
1232.5,293.34
1233.0,293.34
1233.5,293.34
1234.0,293.34
1234.5,293.34
1235.0,293.34
1235.5,293.34
1236.0,293.34
1236.5,293.34
1237.0,293.34
1237.5,293.34
1238.0,293.34
1238.5,293.34
1239.0,293.34
1239.5,293.34
1240.0,293.34
1240.5,293.34
1241.0,293.34
1241.5,293.34
1242.0,293.34
1242.5,293.34
1243.0,293.34
1243.5,293.34
1244.0,293.34
1244.5,293.34
1245.0,293.34
1245.5,293.34
1246.0,293.34
1246.5,293.34
1247.0,293.34
1247.5,293.34
1248.0,293.34
1248.5,293.34
1249.0,293.34
1249.5,293.34
1250.0,293.34
1250.5,293.34
1251.0,293.34
1251.5,293.34
1252.0,293.34
1252.5,293.34
1253.0,293.34
1253.5,293.34
1254.0,293.34
1254.5,293.34
1255.0,293.34
1255.5,293.34
1256.0,293.34
1256.5,293.34
1257.0,293.34
1257.5,293.34
1258.0,293.34
1258.5,293.34
1259.0,293.34
1259.5,293.34
1260.0,293.34
1260.5,293.34
1261.0,293.33
1261.5,293.33
1262.0,293.33
1262.5,293.33
1263.0,293.32
1263.5,293.32
1264.0,293.32
1264.5,293.32
1265.0,293.32
1265.5,293.31
1266.0,293.31
1266.5,293.31
1267.0,293.31
1267.5,293.3
1268.0,293.3
1268.5,293.3
1269.0,293.3
1269.5,293.3
1270.0,293.31
1270.5,293.31
1271.0,293.31
1271.5,293.31
1272.0,293.32
1272.5,293.32
1273.0,293.32
1273.5,293.32
1274.0,293.32
1274.5,293.33
1275.0,293.33
1275.5,293.33
1276.0,293.33
1276.5,293.33
1277.0,293.34
1277.5,293.34
1278.0,293.34
1278.5,293.33
1279.0,293.33
1279.5,293.32
1280.0,293.32
1280.5,293.32
1281.0,293.32
1281.5,293.32
1282.0,293.31
1282.5,293.31
1283.0,293.31
1283.5,293.31
1284.0,293.31
1284.5,293.32
1285.0,293.32
1285.5,293.32
1286.0,293.32
1286.5,293.32
1287.0,293.32
1287.5,293.32
1288.0,293.31
1288.5,293.31
1289.0,293.31
1289.5,293.3
1290.0,293.3
1290.5,293.3
1291.0,293.3
1291.5,293.3
1292.0,293.3
1292.5,293.3
1293.0,293.31
1293.5,293.31
1294.0,293.32
1294.5,293.32
1295.0,293.32
1295.5,293.33
1296.0,293.33
1296.5,293.33
1297.0,293.34
1297.5,293.34
1298.0,293.35
1298.5,293.35
1299.0,293.35
1299.5,293.36
1300.0,293.36
1300.5,293.36
1301.0,293.37
1301.5,293.37
1302.0,293.36
1302.5,293.36
1303.0,293.36
1303.5,293.35
1304.0,293.35
1304.5,293.35
1305.0,293.34
1305.5,293.34
1306.0,293.33
1306.5,293.33
1307.0,293.33
1307.5,293.33
1308.0,293.33
1308.5,293.33
1309.0,293.33
1309.5,293.33
1310.0,293.33
1310.5,293.33
1311.0,293.33
1311.5,293.33
1312.0,293.33
1312.5,293.33
1313.0,293.33
1313.5,293.33
1314.0,293.33
1314.5,293.34
1315.0,293.34
1315.5,293.34
1316.0,293.34
1316.5,293.34
1317.0,293.34
1317.5,293.34
1318.0,293.34
1318.5,293.34
1319.0,293.34
1319.5,293.34
1320.0,293.34
1320.5,293.34
1321.0,293.34
1321.5,293.34
1322.0,293.34
1322.5,293.34
1323.0,293.34
1323.5,293.34
1324.0,293.33
1324.5,293.33
1325.0,293.33
1325.5,293.33
1326.0,293.32
1326.5,293.32
1327.0,293.32
1327.5,293.32
1328.0,293.31
1328.5,293.31
1329.0,293.31
1329.5,293.31
1330.0,293.3
1330.5,293.3
1331.0,293.3
1331.5,293.29
1332.0,293.29
1332.5,293.29
1333.0,293.29
1333.5,293.28
1334.0,293.28
1334.5,293.28
1335.0,293.28
1335.5,293.28
1336.0,293.28
1336.5,293.29
1337.0,293.29
1337.5,293.29
1338.0,293.29
1338.5,293.29
1339.0,293.29
1339.5,293.29
1340.0,293.29
1340.5,293.29
1341.0,293.29
1341.5,293.28
1342.0,293.28
1342.5,293.28
1343.0,293.28
1343.5,293.28
1344.0,293.28
1344.5,293.28
1345.0,293.28
1345.5,293.28
1346.0,293.28
1346.5,293.28
1347.0,293.28
1347.5,293.28
1348.0,293.27
1348.5,293.27
1349.0,293.27
1349.5,293.27
1350.0,293.27
1350.5,293.26
1351.0,293.26
1351.5,293.26
1352.0,293.26
1352.5,293.26
1353.0,293.26
1353.5,293.26
1354.0,293.26
1354.5,293.27
1355.0,293.27
1355.5,293.27
1356.0,293.27
1356.5,293.27
1357.0,293.27
1357.5,293.27
1358.0,293.27
1358.5,293.27
1359.0,293.27
1359.5,293.27
1360.0,293.28
1360.5,293.28
1361.0,293.28
1361.5,293.28
1362.0,293.28
1362.5,293.28
1363.0,293.29
1363.5,293.29
1364.0,293.28
1364.5,293.28
1365.0,293.28
1365.5,293.28
1366.0,293.27
1366.5,293.27
1367.0,293.27
1367.5,293.27
1368.0,293.27
1368.5,293.27
1369.0,293.27
1369.5,293.27
1370.0,293.27
1370.5,293.27
1371.0,293.28
1371.5,293.28
1372.0,293.28
1372.5,293.28
1373.0,293.28
1373.5,293.28
1374.0,293.28
1374.5,293.28
1375.0,293.28
1375.5,293.28
1376.0,293.29
1376.5,293.29
1377.0,293.29
1377.5,293.29
1378.0,293.29
1378.5,293.29
1379.0,293.29
1379.5,293.29
1380.0,293.29
1380.5,293.3
1381.0,293.3
1381.5,293.3
1382.0,293.3
1382.5,293.3
1383.0,293.3
1383.5,293.31
1384.0,293.31
1384.5,293.32
1385.0,293.32
1385.5,293.32
1386.0,293.33
1386.5,293.33
1387.0,293.34
1387.5,293.34
1388.0,293.34
1388.5,293.34
1389.0,293.34
1389.5,293.35
1390.0,293.35
1390.5,293.35
1391.0,293.35
1391.5,293.35
1392.0,293.35
1392.5,293.36
1393.0,293.36
1393.5,293.36
1394.0,293.36
1394.5,293.36
1395.0,293.36
1395.5,293.36
1396.0,293.37
1396.5,293.37
1397.0,293.37
1397.5,293.37
1398.0,293.37
1398.5,293.37
1399.0,293.37
1399.5,293.38
1400.0,293.38
1400.5,293.38
1401.0,293.38
1401.5,293.38
1402.0,293.38
1402.5,293.39
1403.0,293.39
1403.5,293.39
1404.0,293.39
1404.5,293.39
1405.0,293.39
1405.5,293.39
1406.0,293.4
1406.5,293.4
1407.0,293.4
1407.5,293.4
1408.0,293.4
1408.5,293.41
1409.0,293.41
1409.5,293.43
1410.0,293.43
1410.5,293.43
1411.0,293.43
1411.5,293.43
1412.0,293.44
1412.5,293.44
1413.0,293.44
1413.5,293.44
1414.0,293.44
1414.5,293.44
1415.0,293.44
1415.5,293.44
1416.0,293.44
1416.5,293.45
1417.0,293.45
1417.5,293.45
1418.0,293.45
1418.5,293.45
1419.0,293.45
1419.5,293.45
1420.0,293.45
1420.5,293.46
1421.0,293.46
1421.5,293.46
1422.0,293.46
1422.5,293.46
1423.0,293.46
1423.5,293.46
1424.0,293.46
1424.5,293.46
1425.0,293.47
1425.5,293.47
1426.0,293.47
1426.5,293.47
1427.0,293.47
1427.5,293.48
1428.0,293.49
1428.5,293.5
1429.0,293.5
1429.5,293.5
1430.0,293.51
1430.5,293.51
1431.0,293.51
1431.5,293.51
1432.0,293.51
1432.5,293.52
1433.0,293.52
1433.5,293.52
1434.0,293.52
1434.5,293.52
1435.0,293.52
1435.5,293.52
1436.0,293.52
1436.5,293.53
1437.0,293.53
1437.5,293.53
1438.0,293.53
1438.5,293.53
1439.0,293.53
1439.5,293.52
1440.0,293.52
1440.5,293.52
1441.0,293.52
1441.5,293.51
1442.0,293.51
1442.5,293.51
1443.0,293.51
1443.5,293.51
1444.0,293.51
1444.5,293.51
1445.0,293.51
1445.5,293.52
1446.0,293.52
1446.5,293.52
1447.0,293.52
1447.5,293.52
1448.0,293.52
1448.5,293.52
1449.0,293.52
1449.5,293.52
1450.0,293.52
1450.5,293.52
1451.0,293.52
1451.5,293.53
1452.0,293.53
1452.5,293.53
1453.0,293.53
1453.5,293.53
1454.0,293.53
1454.5,293.53
1455.0,293.53
1455.5,293.52
1456.0,293.52
1456.5,293.52
1457.0,293.52
1457.5,293.51
1458.0,293.51
1458.5,293.51
1459.0,293.5
1459.5,293.5
1460.0,293.5
1460.5,293.5
1461.0,293.49
1461.5,293.49
1462.0,293.49
1462.5,293.49
1463.0,293.48
1463.5,293.48
1464.0,293.48
1464.5,293.47
1465.0,293.47
1465.5,293.47
1466.0,293.47
1466.5,293.46
1467.0,293.46
1467.5,293.46
1468.0,293.46
1468.5,293.45
1469.0,293.45
1469.5,293.45
1470.0,293.44
1470.5,293.44
1471.0,293.44
1471.5,293.44
1472.0,293.43
1472.5,293.43
1473.0,293.43
1473.5,293.43
1474.0,293.42
1474.5,293.42
1475.0,293.42
1475.5,293.41
1476.0,293.41
1476.5,293.41
1477.0,293.41
1477.5,293.4
1478.0,293.4
1478.5,293.4
1479.0,293.39
1479.5,293.39
1480.0,293.38
1480.5,293.38
1481.0,293.37
1481.5,293.37
1482.0,293.36
1482.5,293.36
1483.0,293.35
1483.5,293.35
1484.0,293.34
1484.5,293.34
1485.0,293.33
1485.5,293.33
1486.0,293.32
1486.5,293.32
1487.0,293.31
1487.5,293.31
1488.0,293.3
1488.5,293.3
1489.0,293.29
1489.5,293.29
1490.0,293.28
1490.5,293.28
1491.0,293.28
1491.5,293.28
1492.0,293.28
1492.5,293.28
1493.0,293.27
1493.5,293.27
1494.0,293.26
1494.5,293.26
1495.0,293.26
1495.5,293.26
1496.0,293.27
1496.5,293.27
1497.0,293.27
1497.5,293.27
1498.0,293.26
1498.5,293.26
1499.0,293.26
1499.5,293.25
1500.0,293.25
1500.5,293.25
1501.0,293.25
1501.5,293.25
1502.0,293.25
1502.5,293.25
1503.0,293.25
1503.5,293.25
1504.0,293.25
1504.5,293.25
1505.0,293.25
1505.5,293.25
1506.0,293.25
1506.5,293.25
1507.0,293.25
1507.5,293.26
1508.0,293.26
1508.5,293.26
1509.0,293.26
1509.5,293.26
1510.0,293.27
1510.5,293.27
1511.0,293.27
1511.5,293.27
1512.0,293.27
1512.5,293.28
1513.0,293.28
1513.5,293.28
1514.0,293.28
1514.5,293.28
1515.0,293.29
1515.5,293.29
1516.0,293.29
1516.5,293.29
1517.0,293.29
1517.5,293.29
1518.0,293.29
1518.5,293.29
1519.0,293.29
1519.5,293.29
1520.0,293.29
1520.5,293.29
1521.0,293.29
1521.5,293.29
1522.0,293.29
1522.5,293.29
1523.0,293.29
1523.5,293.29
1524.0,293.29
1524.5,293.29
1525.0,293.29
1525.5,293.29
1526.0,293.29
1526.5,293.29
1527.0,293.29
1527.5,293.29
1528.0,293.29
1528.5,293.29
1529.0,293.29
1529.5,293.29
1530.0,293.29
1530.5,293.29
1531.0,293.29
1531.5,293.29
1532.0,293.29
1532.5,293.29
1533.0,293.29
1533.5,293.29
1534.0,293.29
1534.5,293.29
1535.0,293.29
1535.5,293.29
1536.0,293.29
1536.5,293.29
1537.0,293.28
1537.5,293.28
1538.0,293.28
1538.5,293.28
1539.0,293.28
1539.5,293.28
1540.0,293.28
1540.5,293.28
1541.0,293.28
1541.5,293.28
1542.0,293.28
1542.5,293.28
1543.0,293.28
1543.5,293.28
1544.0,293.28
1544.5,293.28
1545.0,293.28
1545.5,293.28
1546.0,293.28
1546.5,293.28
1547.0,293.28
1547.5,293.28
1548.0,293.28
1548.5,293.28
1549.0,293.28
1549.5,293.28
1550.0,293.28
1550.5,293.28
1551.0,293.28
1551.5,293.28
1552.0,293.28
1552.5,293.28
1553.0,293.28
1553.5,293.28
1554.0,293.28
1554.5,293.28
1555.0,293.28
1555.5,293.28
1556.0,293.28
1556.5,293.28
1557.0,293.28
1557.5,293.28
1558.0,293.28
1558.5,293.28
1559.0,293.28
1559.5,293.27
1560.0,293.27
1560.5,293.27
1561.0,293.27
1561.5,293.26
1562.0,293.26
1562.5,293.26
1563.0,293.26
1563.5,293.25
1564.0,293.25
1564.5,293.25
1565.0,293.24
1565.5,293.24
1566.0,293.24
1566.5,293.24
1567.0,293.23
1567.5,293.23
1568.0,293.23
1568.5,293.23
1569.0,293.22
1569.5,293.22
1570.0,293.22
1570.5,293.22
1571.0,293.22
1571.5,293.22
1572.0,293.22
1572.5,293.22
1573.0,293.22
1573.5,293.22
1574.0,293.22
1574.5,293.22
1575.0,293.22
1575.5,293.22
1576.0,293.22
1576.5,293.22
1577.0,293.22
1577.5,293.22
1578.0,293.22
1578.5,293.22
1579.0,293.21
1579.5,293.21
1580.0,293.21
1580.5,293.2
1581.0,293.2
1581.5,293.19
1582.0,293.19
1582.5,293.19
1583.0,293.19
1583.5,293.19
1584.0,293.19
1584.5,293.19
1585.0,293.19
1585.5,293.19
1586.0,293.19
1586.5,293.19
1587.0,293.19
1587.5,293.19
1588.0,293.19
1588.5,293.19
1589.0,293.19
1589.5,293.19
1590.0,293.19
1590.5,293.19
1591.0,293.18
1591.5,293.18
1592.0,293.17
1592.5,293.17
1593.0,293.16
1593.5,293.16
1594.0,293.16
1594.5,293.16
1595.0,293.17
1595.5,293.17
1596.0,293.17
1596.5,293.17
1597.0,293.16
1597.5,293.16
1598.0,293.16
1598.5,293.16
1599.0,293.16
1599.5,293.17
1600.0,293.17
1600.5,293.17
1601.0,293.17
1601.5,293.17
1602.0,293.18
1602.5,293.18
1603.0,293.18
1603.5,293.18
1604.0,293.18
1604.5,293.18
1605.0,293.17
1605.5,293.17
1606.0,293.17
1606.5,293.17
1607.0,293.17
1607.5,293.17
1608.0,293.17
1608.5,293.16
1609.0,293.16
1609.5,293.16
1610.0,293.16
1610.5,293.16
1611.0,293.16
1611.5,293.16
1612.0,293.17
1612.5,293.17
1613.0,293.17
1613.5,293.17
1614.0,293.18
1614.5,293.18
1615.0,293.18
1615.5,293.18
1616.0,293.18
1616.5,293.18
1617.0,293.17
1617.5,293.17
1618.0,293.17
1618.5,293.17
1619.0,293.16
1619.5,293.16
1620.0,293.16
1620.5,293.16
1621.0,293.15
1621.5,293.15
1622.0,293.15
1622.5,293.15
1623.0,293.14
1623.5,293.14
1624.0,293.14
1624.5,293.14
1625.0,293.13
1625.5,293.13
1626.0,293.13
1626.5,293.13
1627.0,293.12
1627.5,293.12
1628.0,293.12
1628.5,293.12
1629.0,293.11
1629.5,293.11
1630.0,293.11
1630.5,293.11
1631.0,293.1
1631.5,293.1
1632.0,293.1
1632.5,293.1
1633.0,293.09
1633.5,293.09
1634.0,293.09
1634.5,293.09
1635.0,293.09
1635.5,293.09
1636.0,293.09
1636.5,293.09
1637.0,293.09
1637.5,293.09
1638.0,293.09
1638.5,293.09
1639.0,293.09
1639.5,293.09
1640.0,293.09
1640.5,293.09
1641.0,293.09
1641.5,293.09
1642.0,293.09
1642.5,293.09
1643.0,293.09
1643.5,293.09
1644.0,293.09
1644.5,293.09
1645.0,293.09
1645.5,293.09
1646.0,293.09
1646.5,293.09
1647.0,293.09
1647.5,293.09
1648.0,293.09
1648.5,293.09
1649.0,293.09
1649.5,293.09
1650.0,293.09
1650.5,293.09
1651.0,293.1
1651.5,293.1
1652.0,293.1
1652.5,293.11
1653.0,293.11
1653.5,293.11
1654.0,293.12
1654.5,293.12
1655.0,293.12
1655.5,293.12
1656.0,293.12
1656.5,293.12
1657.0,293.12
1657.5,293.12
1658.0,293.12
1658.5,293.12
1659.0,293.12
1659.5,293.12
1660.0,293.12
1660.5,293.12
1661.0,293.12
1661.5,293.12
1662.0,293.12
1662.5,293.12
1663.0,293.12
1663.5,293.12
1664.0,293.12
1664.5,293.12
1665.0,293.12
1665.5,293.12
1666.0,293.12
1666.5,293.13
1667.0,293.14
1667.5,293.14
1668.0,293.14
1668.5,293.15
1669.0,293.15
1669.5,293.16
1670.0,293.16
1670.5,293.16
1671.0,293.16
1671.5,293.16
1672.0,293.16
1672.5,293.16
1673.0,293.16
1673.5,293.16
1674.0,293.16
1674.5,293.17
1675.0,293.17
1675.5,293.18
1676.0,293.18
1676.5,293.19
1677.0,293.19
1677.5,293.2
1678.0,293.2
1678.5,293.21
1679.0,293.21
1679.5,293.22
1680.0,293.22
1680.5,293.23
1681.0,293.23
1681.5,293.24
1682.0,293.24
1682.5,293.24
1683.0,293.24
1683.5,293.24
1684.0,293.24
1684.5,293.24
1685.0,293.24
1685.5,293.24
1686.0,293.25
1686.5,293.25
1687.0,293.25
1687.5,293.25
1688.0,293.25
1688.5,293.25
1689.0,293.25
1689.5,293.25
1690.0,293.25
1690.5,293.25
1691.0,293.25
1691.5,293.25
1692.0,293.24
1692.5,293.24
1693.0,293.24
1693.5,293.24
1694.0,293.24
1694.5,293.24
1695.0,293.24
1695.5,293.24
1696.0,293.23
1696.5,293.23
1697.0,293.23
1697.5,293.23
1698.0,293.23
1698.5,293.23
1699.0,293.24
1699.5,293.24
1700.0,293.24
1700.5,293.24
1701.0,293.25
1701.5,293.25
1702.0,293.25
1702.5,293.25
1703.0,293.25
1703.5,293.25
1704.0,293.25
1704.5,293.25
1705.0,293.25
1705.5,293.25
1706.0,293.25
1706.5,293.25
1707.0,293.25
1707.5,293.25
1708.0,293.25
1708.5,293.25
1709.0,293.25
1709.5,293.25
1710.0,293.25
1710.5,293.25
1711.0,293.25
1711.5,293.25
1712.0,293.25
1712.5,293.25
1713.0,293.25
1713.5,293.25
1714.0,293.25
1714.5,293.25
1715.0,293.25
1715.5,293.25
1716.0,293.24
1716.5,293.24
1717.0,293.24
1717.5,293.24
1718.0,293.24
1718.5,293.24
1719.0,293.24
1719.5,293.24
1720.0,293.23
1720.5,293.23
1721.0,293.23
1721.5,293.23
1722.0,293.23
1722.5,293.24
1723.0,293.24
1723.5,293.24
1724.0,293.25
1724.5,293.25
1725.0,293.25
1725.5,293.25
1726.0,293.25
1726.5,293.25
1727.0,293.25
1727.5,293.25
1728.0,293.25
1728.5,293.25
1729.0,293.25
1729.5,293.25
1730.0,293.25
1730.5,293.25
1731.0,293.25
1731.5,293.26
1732.0,293.26
1732.5,293.27
1733.0,293.27
1733.5,293.27
1734.0,293.28
1734.5,293.28
1735.0,293.28
1735.5,293.29
1736.0,293.29
1736.5,293.29
1737.0,293.3
1737.5,293.3
1738.0,293.31
1738.5,293.31
1739.0,293.32
1739.5,293.33
1740.0,293.33
1740.5,293.34
1741.0,293.34
1741.5,293.35
1742.0,293.35
1742.5,293.36
1743.0,293.37
1743.5,293.37
1744.0,293.38
1744.5,293.38
1745.0,293.39
1745.5,293.39
1746.0,293.4
1746.5,293.41
1747.0,293.41
1747.5,293.42
1748.0,293.42
1748.5,293.43
1749.0,293.43
1749.5,293.44
1750.0,293.44
1750.5,293.45
1751.0,293.46
1751.5,293.46
1752.0,293.47
1752.5,293.47
1753.0,293.48
1753.5,293.48
1754.0,293.49
1754.5,293.5
1755.0,293.5
1755.5,293.5
1756.0,293.5
1756.5,293.5
1757.0,293.5
1757.5,293.5
1758.0,293.5
1758.5,293.5
1759.0,293.5
1759.5,293.5
1760.0,293.5
1760.5,293.5
1761.0,293.5
1761.5,293.5
1762.0,293.5
1762.5,293.5
1763.0,293.5
1763.5,293.5
1764.0,293.5
1764.5,293.5
1765.0,293.5
1765.5,293.5
1766.0,293.5
1766.5,293.5
1767.0,293.5
1767.5,293.5
1768.0,293.5
1768.5,293.5
1769.0,293.5
1769.5,293.5
1770.0,293.5
1770.5,293.5
1771.0,293.5
1771.5,293.5
1772.0,293.5
1772.5,293.5
1773.0,293.5
1773.5,293.5
1774.0,293.5
1774.5,293.5
1775.0,293.5
1775.5,293.5
1776.0,293.5
1776.5,293.5
1777.0,293.52
1777.5,293.52
1778.0,293.53
1778.5,293.53
1779.0,293.54
1779.5,293.54
1780.0,293.55
1780.5,293.55
1781.0,293.56
1781.5,293.56
1782.0,293.56
1782.5,293.57
1783.0,293.57
1783.5,293.58
1784.0,293.58
1784.5,293.59
1785.0,293.59
1785.5,293.6
1786.0,293.6
1786.5,293.6
1787.0,293.6
1787.5,293.6
1788.0,293.6
1788.5,293.6
1789.0,293.6
1789.5,293.6
1790.0,293.6
1790.5,293.6
1791.0,293.6
1791.5,293.6
1792.0,293.6
1792.5,293.6
1793.0,293.6
1793.5,293.6
1794.0,293.6
1794.5,293.6
1795.0,293.61
1795.5,293.62
1796.0,293.62
1796.5,293.63
1797.0,293.64
1797.5,293.65
1798.0,293.67
1798.5,293.71
1799.0,293.73
1799.5,293.76
1800.0,293.77
1800.5,293.79
1801.0,293.81
1801.5,293.84
1802.0,293.86
1802.5,293.88
1803.0,293.9
1803.5,293.91
1804.0,293.92
1804.5,293.94
1805.0,293.95
1805.5,293.98
1806.0,294.0
1806.5,294.02
1807.0,294.03
1807.5,294.04
1808.0,294.06
1808.5,294.07
1809.0,294.08
1809.5,294.09
1810.0,294.12
1810.5,294.15
1811.0,294.19
1811.5,294.23
1812.0,294.27
1812.5,294.31
1813.0,294.35
1813.5,294.38
1814.0,294.42
1814.5,294.46
1815.0,294.5
1815.5,294.54
1816.0,294.58
1816.5,294.62
1817.0,294.65
1817.5,294.69
1818.0,294.73
1818.5,294.77
1819.0,294.81
1819.5,294.85
1820.0,294.88
1820.5,294.92
1821.0,294.96
1821.5,295.0
1822.0,295.04
1822.5,295.08
1823.0,295.12
1823.5,295.15
1824.0,295.19
1824.5,295.23
1825.0,295.27
1825.5,295.31
1826.0,295.35
1826.5,295.38
1827.0,295.39
1827.5,295.38
1828.0,295.37
1828.5,295.36
1829.0,295.35
1829.5,295.34
1830.0,295.33
1830.5,295.32
1831.0,295.31
1831.5,295.3
1832.0,295.29
1832.5,295.28
1833.0,295.27
1833.5,295.26
1834.0,295.25
1834.5,295.24
1835.0,295.23
1835.5,295.22
1836.0,295.21
1836.5,295.2
1837.0,295.19
1837.5,295.18
1838.0,295.17
1838.5,295.15
1839.0,295.14
1839.5,295.13
1840.0,295.12
1840.5,295.11
1841.0,295.1
1841.5,295.09
1842.0,295.08
1842.5,295.07
1843.0,295.06
1843.5,295.05
1844.0,295.04
1844.5,295.03
1845.0,295.02
1845.5,295.01
1846.0,295.0
1846.5,294.99
1847.0,294.98
1847.5,294.97
1848.0,294.96
1848.5,294.95
1849.0,294.94
1849.5,294.93
1850.0,294.92
1850.5,294.91
1851.0,294.89
1851.5,294.88
1852.0,294.87
1852.5,294.86
1853.0,294.85
1853.5,294.84
1854.0,294.83
1854.5,294.82
1855.0,294.81
1855.5,294.8
1856.0,294.79
1856.5,294.78
1857.0,294.77
1857.5,294.76
1858.0,294.75
1858.5,294.74
1859.0,294.73
1859.5,294.72
1860.0,294.71
1860.5,294.7
1861.0,294.69
1861.5,294.68
1862.0,294.67
1862.5,294.66
1863.0,294.65
1863.5,294.64
1864.0,294.62
1864.5,294.61
1865.0,294.6
1865.5,294.59
1866.0,294.58
1866.5,294.57
1867.0,294.56
1867.5,294.55
1868.0,294.54
1868.5,294.53
1869.0,294.52
1869.5,294.51
1870.0,294.5
1870.5,294.5
1871.0,294.49
1871.5,294.49
1872.0,294.48
1872.5,294.48
1873.0,294.47
1873.5,294.47
1874.0,294.47
1874.5,294.46
1875.0,294.46
1875.5,294.45
1876.0,294.45
1876.5,294.44
1877.0,294.44
1877.5,294.43
1878.0,294.43
1878.5,294.43
1879.0,294.42
1879.5,294.42
1880.0,294.41
1880.5,294.41
1881.0,294.4
1881.5,294.4
1882.0,294.4
1882.5,294.39
1883.0,294.39
1883.5,294.38
1884.0,294.38
1884.5,294.37
1885.0,294.37
1885.5,294.37
1886.0,294.36
1886.5,294.36
1887.0,294.35
1887.5,294.35
1888.0,294.34
1888.5,294.34
1889.0,294.33
1889.5,294.33
1890.0,294.33
1890.5,294.32
1891.0,294.32
1891.5,294.31
1892.0,294.31
1892.5,294.3
1893.0,294.3
1893.5,294.28
1894.0,294.25
1894.5,294.23
1895.0,294.21
1895.5,294.18
1896.0,294.16
1896.5,294.14
1897.0,294.12
1897.5,294.09
1898.0,294.07
1898.5,294.05
1899.0,294.02
1899.5,294.0
1900.0,293.98
1900.5,293.95
1901.0,293.93
1901.5,293.91
1902.0,293.88
1902.5,293.86
1903.0,293.84
1903.5,293.82
1904.0,293.79
1904.5,293.77
1905.0,293.75
1905.5,293.72
1906.0,293.7
1906.5,293.68
1907.0,293.65
1907.5,293.63
1908.0,293.61
1908.5,293.59
1909.0,293.56
1909.5,293.54
1910.0,293.52
1910.5,293.49
1911.0,293.47
1911.5,293.45
1912.0,293.42
1912.5,293.4
1913.0,293.38
1913.5,293.35
1914.0,293.36
1914.5,293.36
1915.0,293.37
1915.5,293.38
1916.0,293.39
1916.5,293.4
1917.0,293.41
1917.5,293.42
1918.0,293.46
1918.5,293.51
1919.0,293.52
1919.5,293.52
1920.0,293.52
1920.5,293.52
1921.0,293.52
1921.5,293.52
1922.0,293.51
1922.5,293.49
1923.0,293.47
1923.5,293.46
1924.0,293.44
1924.5,293.43
1925.0,293.41
1925.5,293.4
1926.0,293.4
1926.5,293.39
1927.0,293.39
1927.5,293.38
1928.0,293.38
1928.5,293.38
1929.0,293.38
1929.5,293.38
1930.0,293.38
1930.5,293.38
1931.0,293.38
1931.5,293.37
1932.0,293.37
1932.5,293.37
1933.0,293.37
1933.5,293.38
1934.0,293.38
1934.5,293.38
1935.0,293.39
1935.5,293.4
1936.0,293.4
1936.5,293.41
1937.0,293.41
1937.5,293.41
1938.0,293.42
1938.5,293.42
1939.0,293.42
1939.5,293.42
1940.0,293.42
1940.5,293.42
1941.0,293.42
1941.5,293.42
1942.0,293.43
1942.5,293.43
1943.0,293.43
1943.5,293.43
1944.0,293.43
1944.5,293.43
1945.0,293.43
1945.5,293.43
1946.0,293.43
1946.5,293.43
1947.0,293.43
1947.5,293.44
1948.0,293.44
1948.5,293.44
1949.0,293.44
1949.5,293.44
1950.0,293.44
1950.5,293.44
1951.0,293.44
1951.5,293.44
1952.0,293.44
1952.5,293.44
1953.0,293.44
1953.5,293.44
1954.0,293.45
1954.5,293.45
1955.0,293.45
1955.5,293.45
1956.0,293.45
1956.5,293.45
1957.0,293.45
1957.5,293.45
1958.0,293.44
1958.5,293.44
1959.0,293.44
1959.5,293.44
1960.0,293.43
1960.5,293.43
1961.0,293.43
1961.5,293.42
1962.0,293.42
1962.5,293.42
1963.0,293.42
1963.5,293.42
1964.0,293.42
1964.5,293.42
1965.0,293.42
1965.5,293.42
1966.0,293.42
1966.5,293.42
1967.0,293.42
1967.5,293.42
1968.0,293.42
1968.5,293.42
1969.0,293.42
1969.5,293.41
1970.0,293.41
1970.5,293.41
1971.0,293.41
1971.5,293.4
1972.0,293.4
1972.5,293.4
1973.0,293.39
1973.5,293.39
1974.0,293.38
1974.5,293.37
1975.0,293.37
1975.5,293.36
1976.0,293.36
1976.5,293.35
1977.0,293.35
1977.5,293.36
1978.0,293.37
1978.5,293.38
1979.0,293.39
1979.5,293.4
1980.0,293.41
1980.5,293.42
1981.0,293.44
1981.5,293.45
1982.0,293.47
1982.5,293.49
1983.0,293.52
1983.5,293.54
1984.0,293.56
1984.5,293.58
1985.0,293.61
1985.5,293.63
1986.0,293.65
1986.5,293.67
1987.0,293.7
1987.5,293.72
1988.0,293.74
1988.5,293.76
1989.0,293.79
1989.5,293.81
1990.0,293.83
1990.5,293.85
1991.0,293.88
1991.5,293.91
1992.0,293.94
1992.5,293.97
1993.0,294.01
1993.5,294.05
1994.0,294.09
1994.5,294.13
1995.0,294.17
1995.5,294.21
1996.0,294.26
1996.5,294.31
1997.0,294.36
1997.5,294.41
1998.0,294.46
1998.5,294.51
1999.0,294.56
1999.5,294.61
2000.0,294.66
2000.5,294.71
2001.0,294.76
2001.5,294.81
2002.0,294.86
2002.5,294.91
2003.0,294.95
2003.5,294.99
2004.0,295.03
2004.5,295.06
2005.0,295.09
2005.5,295.12
2006.0,295.15
2006.5,295.18
2007.0,295.21
2007.5,295.24
2008.0,295.26
2008.5,295.29
2009.0,295.32
2009.5,295.35
